id,A,B,C,D
target_DA_1,1,2,3,4
target_DA_2,2,1,4,3
target_DA_3,3,4,1,2
target_DA_5,4,3,2,1
target_DA_6,1,2,3,4
target_DA_7,2,1,4,3
target_DA_8,3,4,1,2
target_DA_10,4,3,2,1
target_list_1,1,2,3,4
target_list_3,2,1,4,3
target_list_4,3,4,1,2
target_list_5,4,3,2,1
target_list_6,1,2,3,4
target_list_7,2,1,4,3
target_list_8,3,4,1,2
target_list_10,4,3,2,1
filler_DA_1,1,2,3,4
filler_DA_2,2,1,4,3
filler_DA_3,3,4,1,2
filler_DA_4,4,3,2,1
filler_list_1,1,2,3,4
filler_list_2,2,1,4,3
filler_list_3,3,4,1,2
filler_list_4,4,3,2,1
